{"Accuracies": [0.638946638946639, 0.5835065835065835, 0.5855855855855856, 0.5765765765765766, 0.5724185724185724, 0.5724185724185724, 0.5828135828135829, 0.6084546084546084, 0.5765765765765766, 0.5772695772695773, 0.5772695772695773, 0.5675675675675675, 0.525987525987526, 0.6015246015246015, 0.5627165627165627, 0.6160776160776161, 0.6042966042966043, 0.6451836451836452, 0.638946638946639, 0.5647955647955648, 0.5751905751905751, 0.6451836451836452, 0.6486486486486487, 0.6022176022176022, 0.6347886347886348, 0.6285516285516286, 0.6195426195426196, 0.6424116424116424, 0.6424116424116424, 0.6431046431046431, 0.6437976437976438, 0.6541926541926542, 0.6486486486486487, 0.6396396396396397, 0.6424116424116424, 0.6451836451836452, 0.6361746361746362, 0.6403326403326404, 0.6396396396396397, 0.632016632016632, 0.6347886347886348, 0.6451836451836452, 0.6396396396396397, 0.6306306306306306, 0.6368676368676369, 0.6451836451836452, 0.6334026334026334, 0.6091476091476091, 0.6368676368676369, 0.638946638946639, 0.6313236313236313, 0.6437976437976438, 0.65003465003465, 0.6285516285516286, 0.6431046431046431, 0.6507276507276507, 0.6507276507276507, 0.6354816354816355, 0.638946638946639, 0.6521136521136521, 0.6528066528066528], "Average_Parities": [0.5136084717762235, 0.7820625668998079, 0.791840129620669, 0.8338785881513414, 0.8494433080641456, 0.8346310307580268, 0.7991956015972863, 0.6993383700640772, 0.7601925614745084, 0.6911275214201578, 0.6896196547358955, 0.830491270644242, 0.9157614725533609, 0.696212823257428, 0.8311511532427163, 0.5735251860975479, 0.6330373245942023, 0.47571103193106445, 0.58617933058647, 0.6745237344633597, 0.711603921367371, 0.45765113857974454, 0.4680837573375954, 0.5988261191513072, 0.5689381198160286, 0.6017709570521562, 0.6363535755656242, 0.46840878654134716, 0.46479680787108313, 0.4426874905301642, 0.3826744771428711, 0.4071127387009585, 0.40156027458858146, 0.5050686104879348, 0.44525112782689874, 0.3929115651744649, 0.394986375655557, 0.41947362375792413, 0.3801572237129577, 0.43583494626020913, 0.3486074209299257, 0.4612410372586109, 0.4108590424102015, 0.41142598620703136, 0.430370594387992, 0.4868230106013285, 0.481617655684101, 0.4427485618068691, 0.3367572716119982, 0.3444748823296529, 0.31136100480456697, 0.3901744771428711, 0.4184471546503614, 0.4395300395411468, 0.39783587980273416, 0.4071737733202344, 0.43636772533321605, 0.4333495970126639, 0.31891498897833304, 0.5083507333929627, 0.5169432347492876]}