{"Accuracies": [0.638946638946639, 0.5828135828135829, 0.553014553014553, 0.5107415107415108, 0.4968814968814969, 0.4954954954954955, 0.4968814968814969, 0.4968814968814969, 0.48232848232848236, 0.49965349965349964, 0.4857934857934858, 0.5169785169785169, 0.4954954954954955, 0.5038115038115039, 0.5038115038115039, 0.5058905058905059, 0.5031185031185031, 0.5003465003465003, 0.5155925155925156, 0.5204435204435205, 0.5114345114345115, 0.4968814968814969, 0.501039501039501, 0.4941094941094941, 0.4934164934164934, 0.4774774774774775, 0.4968814968814969, 0.4968814968814969, 0.4968814968814969, 0.4851004851004851, 0.5121275121275122, 0.4864864864864865, 0.5197505197505198, 0.498960498960499, 0.5398475398475399, 0.6313236313236313, 0.5218295218295218, 0.5405405405405406, 0.5142065142065142, 0.48925848925848925, 0.5239085239085239, 0.4968814968814969, 0.5065835065835066, 0.4968814968814969, 0.544005544005544, 0.5744975744975745, 0.6334026334026334, 0.4968814968814969, 0.5772695772695773, 0.5758835758835759, 0.5419265419265419, 0.4864864864864865, 0.5550935550935551, 0.49757449757449757, 0.6237006237006237, 0.5467775467775468, 0.5162855162855163, 0.49272349272349275, 0.4968814968814969, 0.49965349965349964, 0.4968814968814969], "Average_Parities": [0.5136084717762235, 0.7878959002331412, 0.8809614143902402, 0.9855350029570327, 1.0, 0.9701730719414263, 1.0, 1.0, 0.8195574715171776, 0.8465471145715724, 0.7866905062146561, 0.8320210829093291, 0.9232173492279945, 0.8818482186933336, 0.8818482186933336, 0.8859538507407245, 0.8823077440040665, 0.8731995092792172, 0.8455158189025255, 0.8280278669775217, 0.8391326241342738, 0.7489895624080509, 0.8023505598811322, 0.7146195569827515, 0.8035283997321564, 0.6853864792738897, 1.0, 1.0, 1.0, 0.8918753329716467, 0.6057225545829118, 0.8873663836713148, 0.6984340801673534, 0.7422592584446497, 0.8157793980361394, 0.45794426360112805, 0.7025397122147441, 0.7172664433007326, 0.7934428535120261, 0.8835345703993704, 0.9071101604617859, 1.0, 0.9433301441370108, 1.0, 0.7713188487612233, 0.7448472973699516, 0.6276046691789225, 0.9657082826238899, 0.8517549988514006, 0.6395452279358934, 0.7386375899939881, 0.9524040797274642, 0.8747831957457832, 0.9941666666666666, 0.6725490476399948, 0.8077929661725245, 0.8559363895853801, 0.7606221010083237, 1.0, 0.9802124053627375, 1.0]}