{"Accuracies": [0.5922077922077922, 0.6233766233766234, 0.6233766233766234, 0.6077922077922078, 0.5948051948051948, 0.5948051948051948, 0.574025974025974, 0.574025974025974, 0.5714285714285714, 0.5766233766233766, 0.561038961038961, 0.5922077922077922, 0.5844155844155844, 0.548051948051948, 0.5636363636363636, 0.535064935064935, 0.5532467532467532, 0.5584415584415584, 0.5506493506493506, 0.5506493506493506, 0.5454545454545454, 0.5532467532467532, 0.5506493506493506, 0.5402597402597402, 0.5636363636363636, 0.5558441558441558, 0.5298701298701298, 0.5558441558441558, 0.5558441558441558, 0.5194805194805194, 0.5402597402597402, 0.5376623376623376, 0.5064935064935064, 0.5298701298701298, 0.5194805194805194, 0.5194805194805194, 0.5558441558441558, 0.5376623376623376, 0.5324675324675324, 0.5324675324675324, 0.5454545454545454, 0.5402597402597402, 0.5558441558441558, 0.5324675324675324, 0.5584415584415584, 0.5662337662337662, 0.5584415584415584, 0.5688311688311688, 0.5584415584415584, 0.5558441558441558, 0.5558441558441558], "Average_Parities": [0.569058545276769, 0.49287043220096943, 0.48323160082300765, 0.5296019244392812, 0.5433109201646693, 0.5740809601394221, 0.6168576723981092, 0.7013635086984642, 0.7342975688208446, 0.7291429296455869, 0.7249840680333093, 0.6333427519122595, 0.6910542303479488, 0.773632679826251, 0.702306687902513, 0.9073325923825379, 0.7377080006762404, 0.8839321669202569, 0.7498749666707661, 0.9713143542192015, 0.9181545226288135, 0.8699455094553386, 0.7601126485755415, 0.9226913131904487, 0.7773100589406539, 0.9853010116841199, 0.7923599486111492, 1.0, 1.0, 0.908097521592431, 0.796268176078639, 0.7592590221007971, 0.8217111118564662, 0.7614535425206489, 0.8234553191763283, 0.8375364588785861, 1.0, 0.8656502817273131, 0.7655129923875521, 0.8502915609194024, 0.7974093910685446, 0.8307263096483177, 1.0, 0.8642363345059125, 0.7446635873334344, 0.9344464958651422, 0.7365331854142125, 0.6767940529466432, 0.9525033176774869, 0.9165934948111423, 0.9165934948111423]}