{"Accuracies": [0.5922077922077922, 0.6233766233766234, 0.6207792207792208, 0.625974025974026, 0.6207792207792208, 0.6155844155844156, 0.6077922077922078, 0.6025974025974026, 0.6, 0.5766233766233766, 0.5688311688311688, 0.5402597402597402, 0.5558441558441558, 0.5324675324675324, 0.522077922077922, 0.5246753246753246, 0.5194805194805194, 0.535064935064935, 0.509090909090909, 0.4805194805194805, 0.535064935064935, 0.5116883116883116, 0.4701298701298701, 0.4961038961038961, 0.4727272727272727, 0.4623376623376623, 0.43636363636363634, 0.4779220779220779, 0.44935064935064933, 0.43116883116883115, 0.4649350649350649, 0.43116883116883115, 0.42077922077922075, 0.3974025974025974, 0.4077922077922078, 0.44675324675324674, 0.412987012987013, 0.412987012987013, 0.43376623376623374, 0.4051948051948052, 0.4025974025974026, 0.4077922077922078, 0.45454545454545453, 0.43376623376623374, 0.42077922077922075, 0.37402597402597404, 0.43376623376623374, 0.4025974025974026, 0.4155844155844156, 0.412987012987013, 0.38441558441558443, 0.4025974025974026, 0.4649350649350649, 0.412987012987013, 0.38961038961038963, 0.4025974025974026, 0.44935064935064933, 0.4077922077922078, 0.38961038961038963, 0.42857142857142855, 0.4, 0.42857142857142855, 0.42337662337662335, 0.4, 0.43896103896103894, 0.4077922077922078, 0.3948051948051948, 0.4077922077922078, 0.38181818181818183, 0.44675324675324674, 0.3948051948051948, 0.3948051948051948, 0.42337662337662335, 0.3974025974025974, 0.4051948051948052, 0.38961038961038963, 0.37662337662337664, 0.43376623376623374, 0.4051948051948052, 0.4025974025974026, 0.42337662337662335, 0.38961038961038963, 0.3974025974025974, 0.37402597402597404, 0.5194805194805194, 0.4597402597402597, 0.4155844155844156, 0.3922077922077922, 0.37662337662337664, 0.45454545454545453, 0.42857142857142855, 0.4103896103896104, 0.38441558441558443, 0.4103896103896104, 0.38961038961038963, 0.44415584415584414, 0.4155844155844156, 0.4025974025974026, 0.37402597402597404, 0.412987012987013, 0.4025974025974026], "Average_Parities": [0.569058545276769, 0.49287043220096943, 0.4858771034685103, 0.4703294181859208, 0.45634276072100244, 0.46655755683417843, 0.45521640201476277, 0.48088440117318904, 0.46807670077344155, 0.48170192874201323, 0.48581397696784767, 0.4466884716932742, 0.4669183849644245, 0.3934300160624038, 0.47505457185613426, 0.3941990870754398, 0.4758655267475783, 0.5095587311073639, 0.49137132815175966, 0.3358066335254656, 0.42906710669725334, 0.36475508476212837, 0.23310267978898314, 0.2285140785733089, 0.1603775969275105, 0.011931882668899996, 0.004220438112991082, 0.06486336453999891, 0.10124474312858764, 0.09339200294889605, 0.11425626428667987, 0.18172229895992464, 0.12857075097582235, 0.2440108086663123, 0.17317622601608004, 0.02695784474455154, 0.09366966468842627, 0.14371736741910268, 0.04230170926879642, 0.12579691172250562, 0.13785039739288318, 0.13732703101660007, 0.103139385142971, 0.1973686082829965, 0.21640056640216723, 0.2495268773379166, 0.14308734749440388, 0.2087565764888554, 0.1967556891774091, 0.19992455819919483, 0.25662954459138104, 0.13437105406433703, 0.06969681492797325, 0.09764948860165615, 0.16058944719378865, 0.20431426816455953, 0.23164770415362718, 0.2506319934219019, 0.3272850895425654, 0.2737859265425379, 0.3364950367815835, 0.2765834392923463, 0.18555090047374098, 0.20487537661610788, 0.10764336313737605, 0.18082514543742695, 0.18305083525516386, 0.21432031401135584, 0.25547347331780956, 0.2880708870031403, 0.30501266595586884, 0.2760961718219834, 0.39524417665866085, 0.37622931935860154, 0.29741634489345314, 0.2690879868058583, 0.2855311824416006, 0.058717877309796385, 0.1503434816827274, 0.20738451314586295, 0.3901840197207425, 0.3753428803166269, 0.18200824430574059, 0.1508035352195562, 0.11709047730850897, 0.03189380687779869, 0.14207592594286578, 0.16536122791165375, 0.2536808094421593, 0.054600111871034585, 0.2122458465930323, 0.26687715327178735, 0.1837334535387939, 0.15160127699667944, 0.16455027302020966, 0.2658749893702189, 0.3398677265617138, 0.3474073074620555, 0.27844337147180204, 0.24902829402093024, 0.2956614230930681]}