{"Accuracies": [0.755, 0.75, 0.745, 0.735, 0.735, 0.735, 0.73, 0.725, 0.72, 0.715, 0.715, 0.72, 0.72, 0.715, 0.72, 0.71, 0.71, 0.695, 0.68, 0.685, 0.645, 0.63, 0.6, 0.655, 0.655, 0.6, 0.57, 0.555, 0.68, 0.655, 0.605, 0.56, 0.525, 0.64, 0.63, 0.625, 0.615, 0.58, 0.565, 0.545, 0.54, 0.465, 0.64, 0.515, 0.555, 0.575, 0.71, 0.6, 0.58, 0.58, 0.555, 0.56, 0.555, 0.55, 0.64, 0.6, 0.63, 0.57, 0.6, 0.59, 0.575, 0.59, 0.625, 0.57, 0.525, 0.635, 0.675, 0.565, 0.555, 0.635, 0.665, 0.54, 0.55, 0.71, 0.54, 0.6, 0.615, 0.58, 0.675, 0.575, 0.55], "Average_Parities": [0.05842258794844998, 0.10713601532567049, 0.10368773946360152, 0.12733803552769069, 0.12733803552769069, 0.12733803552769069, 0.14189742250087078, 0.15098833159177988, 0.16554771856495992, 0.16209944270289098, 0.16209944270289098, 0.18355538140020897, 0.18355538140020897, 0.19264629049111806, 0.19609456635318703, 0.2197448624172762, 0.146836903517938, 0.18504658655520725, 0.12040012190874258, 0.12384839777081154, 0.22791057122953676, 0.29207593173110413, 0.3026580459770115, 0.1823863636363636, 0.2076867816091954, 0.35916057122953676, 0.36901776384535, 0.2668800069662139, 0.1994252873563218, 0.26396725879484495, 0.39475792406826893, 0.4913793103448276, 0.3496451584813654, 0.24407218739115288, 0.2857301462904911, 0.2948210553814002, 0.32393982932776033, 0.33107366771159874, 0.41324669104841516, 0.40564698711250435, 0.5441483803552769, 0.2288205329153605, 0.1753983803552769, 0.36942920585161965, 0.4619753570184605, 0.28278474399164055, 0.22826541274817136, 0.2788183559735284, 0.3837099442702891, 0.2895898641588297, 0.29654954719609894, 0.619187565308255, 0.3405128874956461, 0.317302333681644, 0.3491292232671543, 0.43826192964124, 0.3609652560083595, 0.2474029083942877, 0.3427551375827238, 0.26666448972483453, 0.42809125740160225, 0.4502503483106931, 0.49327324973876696, 0.5674699582027168, 0.36007270985719264, 0.16608324625566, 0.1420302159526297, 0.3726401950539882, 0.45738418669453157, 0.25636755485893414, 0.2676593521421108, 0.3561237373737374, 0.4484674329501916, 0.12788009404388717, 0.24207810867293625, 0.36710858585858586, 0.23953544061302678, 0.2069683908045977, 0.19640151515151513, 0.27608194009056075, 0.3622953674677813]}