{"Accuracies": [0.755, 0.745, 0.755, 0.755, 0.745, 0.745, 0.74, 0.745, 0.745, 0.745, 0.745, 0.745, 0.74, 0.74, 0.74, 0.74, 0.74, 0.74, 0.74, 0.74, 0.74, 0.74, 0.74, 0.74, 0.735, 0.735, 0.735, 0.735, 0.73, 0.73, 0.725, 0.73, 0.735, 0.735, 0.73, 0.73, 0.735, 0.73, 0.73, 0.73, 0.725, 0.725, 0.715, 0.715, 0.705, 0.705, 0.705, 0.69, 0.695, 0.69, 0.68, 0.68, 0.67, 0.675, 0.685, 0.68, 0.665, 0.64, 0.63, 0.61, 0.635, 0.635, 0.6, 0.585, 0.615, 0.61, 0.585, 0.61, 0.62, 0.605, 0.585, 0.59, 0.575, 0.605, 0.58, 0.58, 0.615, 0.59, 0.57, 0.56, 0.6, 0.59, 0.575, 0.62, 0.595, 0.585, 0.58, 0.58, 0.57, 0.57, 0.625], "Average_Parities": [0.10773703803087473, 0.1343242005575689, 0.15887931529385776, 0.15887931529385776, 0.14371355650369635, 0.14371355650369635, 0.1522788438535652, 0.15995452158819537, 0.15995452158819537, 0.15995452158819537, 0.15995452158819537, 0.15995452158819537, 0.17763645040812553, 0.17763645040812553, 0.17763645040812553, 0.17763645040812553, 0.17763645040812553, 0.17763645040812553, 0.17763645040812553, 0.17763645040812553, 0.17763645040812553, 0.17763645040812553, 0.17763645040812553, 0.17763645040812553, 0.18641719129773654, 0.18641719129773654, 0.18641719129773654, 0.18641719129773654, 0.17866608259767794, 0.17866608259767794, 0.18731111157854224, 0.19517996420426637, 0.20311869493434442, 0.20311869493434442, 0.21196772529142946, 0.21196772529142946, 0.22010976605290572, 0.2376903615859277, 0.2376903615859277, 0.2376903615859277, 0.2295979534645854, 0.24664664172381834, 0.281350010327202, 0.281350010327202, 0.29902684072928054, 0.3074103591416455, 0.3074103591416455, 0.3163797171758157, 0.32478800917514916, 0.34182623968085935, 0.36713236328703924, 0.41751608399540924, 0.45033551222710905, 0.45936511121787144, 0.44328504493074133, 0.417434910361294, 0.412871067131271, 0.43636701073892376, 0.4312025539517405, 0.4799220547847317, 0.6041782149290573, 0.5858612436471615, 0.7281881712201776, 0.7008033480037821, 0.6897670665223962, 0.5955887171490313, 0.8173614812328137, 0.843420010092625, 0.8063185631010661, 0.9092113538410936, 0.981459279905311, 0.90005361866293, 0.9290559513644041, 0.8338570480923218, 0.9724085063639127, 0.9580098963970929, 0.8074653245685119, 0.9318907345228151, 0.9595373678960593, 0.9329829948039678, 0.8588249380749562, 0.8935725283775557, 0.8819355088469343, 0.8079698225090983, 0.8260624867684345, 0.9398097552558167, 0.9035503743207274, 1.0, 0.9611468040449945, 0.9869424933278451, 0.791675239951102]}