{"Accuracies": [0.755, 0.745, 0.745, 0.75, 0.75, 0.75, 0.745, 0.75, 0.75, 0.75, 0.75, 0.755, 0.755, 0.755, 0.755, 0.755, 0.755, 0.75, 0.745, 0.745, 0.745, 0.745, 0.74, 0.74, 0.74, 0.74, 0.74, 0.74, 0.74, 0.745, 0.74, 0.74, 0.74, 0.735, 0.735, 0.735, 0.735, 0.74, 0.74, 0.74, 0.74, 0.74, 0.74, 0.74, 0.74, 0.74, 0.74, 0.74, 0.74, 0.74, 0.74, 0.735, 0.735, 0.735, 0.735, 0.735, 0.735, 0.735, 0.735, 0.735, 0.735, 0.735, 0.735, 0.735, 0.735, 0.735, 0.735, 0.735, 0.73, 0.725, 0.72, 0.71, 0.71, 0.71, 0.71, 0.71, 0.705, 0.705, 0.71, 0.71, 0.71, 0.705, 0.71, 0.71, 0.71, 0.71, 0.71, 0.71, 0.705, 0.705, 0.71, 0.7, 0.7, 0.7, 0.7, 0.695, 0.69, 0.685, 0.685, 0.685, 0.675, 0.675, 0.68, 0.68, 0.685, 0.69, 0.685, 0.685, 0.675, 0.675, 0.675, 0.68, 0.675, 0.675, 0.675, 0.67, 0.675, 0.67, 0.675, 0.665, 0.66, 0.66, 0.665, 0.665, 0.66, 0.66, 0.645, 0.645, 0.645, 0.63, 0.64, 0.64, 0.64, 0.62, 0.605, 0.59, 0.585, 0.595, 0.565, 0.565, 0.58, 0.57, 0.575, 0.565, 0.575, 0.58, 0.565, 0.57, 0.56, 0.535, 0.535, 0.545, 0.54, 0.515, 0.535, 0.515, 0.49, 0.47, 0.465, 0.49, 0.495, 0.47, 0.46, 0.49, 0.475, 0.445, 0.44, 0.455, 0.425, 0.405, 0.405, 0.4, 0.4, 0.38, 0.375, 0.45, 0.4, 0.39, 0.39, 0.4, 0.465, 0.42, 0.395, 0.37, 0.445, 0.41, 0.39, 0.39, 0.4, 0.38, 0.385, 0.415, 0.43, 0.41, 0.375, 0.37, 0.375, 0.415, 0.4, 0.36, 0.395, 0.395, 0.39, 0.35, 0.36, 0.37, 0.355, 0.335, 0.385, 0.365, 0.33, 0.335, 0.42, 0.395, 0.36, 0.345, 0.36, 0.435, 0.375, 0.36, 0.36, 0.355, 0.42, 0.42, 0.395, 0.375, 0.355, 0.345, 0.355, 0.435, 0.405, 0.38, 0.355, 0.345, 0.38, 0.365, 0.355, 0.34, 0.405, 0.375, 0.355, 0.345, 0.365, 0.415, 0.385, 0.35, 0.34, 0.36, 0.43, 0.41, 0.36, 0.34, 0.37, 0.4, 0.39, 0.365, 0.355, 0.46, 0.405, 0.36, 0.335, 0.335, 0.43, 0.4, 0.38, 0.345, 0.325, 0.395, 0.39, 0.36, 0.35, 0.345, 0.365, 0.34, 0.335, 0.405, 0.4, 0.385, 0.365, 0.335, 0.35, 0.4, 0.365, 0.36, 0.355, 0.33, 0.355, 0.38, 0.375, 0.38, 0.355, 0.35, 0.33, 0.38, 0.39, 0.355, 0.37, 0.365, 0.45, 0.425, 0.395, 0.385, 0.38, 0.365, 0.42, 0.4, 0.385, 0.37, 0.35, 0.365, 0.375], "Average_Parities": [0.10773703803087473, 0.1343242005575689, 0.1343242005575689, 0.151269102720575, 0.151269102720575, 0.151269102720575, 0.1343242005575689, 0.1161121769279301, 0.1161121769279301, 0.1161121769279301, 0.1161121769279301, 0.13345239747930063, 0.13345239747930063, 0.13345239747930063, 0.13345239747930063, 0.13345239747930063, 0.13345239747930063, 0.151269102720575, 0.15995452158819537, 0.15995452158819537, 0.15995452158819537, 0.15995452158819537, 0.17763645040812553, 0.17763645040812553, 0.17763645040812553, 0.17763645040812553, 0.17763645040812553, 0.17763645040812553, 0.17763645040812553, 0.15995452158819537, 0.168654038756344, 0.168654038756344, 0.194232589896688, 0.18641719129773654, 0.18641719129773654, 0.18641719129773654, 0.18641719129773654, 0.168654038756344, 0.168654038756344, 0.168654038756344, 0.168654038756344, 0.168654038756344, 0.168654038756344, 0.168654038756344, 0.168654038756344, 0.168654038756344, 0.168654038756344, 0.168654038756344, 0.168654038756344, 0.168654038756344, 0.168654038756344, 0.18641719129773654, 0.18641719129773654, 0.18641719129773654, 0.18641719129773654, 0.18641719129773654, 0.18641719129773654, 0.18641719129773654, 0.18641719129773654, 0.18641719129773654, 0.18641719129773654, 0.18641719129773654, 0.18641719129773654, 0.18641719129773654, 0.18641719129773654, 0.18641719129773654, 0.18641719129773654, 0.18641719129773654, 0.19517996420426637, 0.18731111157854224, 0.19592125418725076, 0.2057756937092104, 0.2057756937092104, 0.2057756937092104, 0.2057756937092104, 0.2057756937092104, 0.21426204337472143, 0.21426204337472143, 0.196453527622871, 0.196453527622871, 0.196453527622871, 0.2048283658335347, 0.2129604558963694, 0.2129604558963694, 0.2129604558963694, 0.2129604558963694, 0.2129604558963694, 0.2129604558963694, 0.2048283658335347, 0.2048283658335347, 0.2129604558963694, 0.21311052481215642, 0.21311052481215642, 0.21311052481215642, 0.21311052481215642, 0.23095482614241575, 0.23911846433608097, 0.23090986591067889, 0.23090986591067889, 0.23090986591067889, 0.24054744118392654, 0.24054744118392654, 0.24862962623350426, 0.24862962623350426, 0.24056391338426553, 0.22284394481760778, 0.23090986591067889, 0.23090986591067889, 0.21473189165711176, 0.21473189165711176, 0.21473189165711176, 0.22278257996066675, 0.21473189165711176, 0.21473189165711176, 0.21473189165711176, 0.20675346482575535, 0.21473189165711176, 0.22247349183781306, 0.2306086807648097, 0.2300462746034911, 0.2113081033999278, 0.2113081033999278, 0.193234244008311, 0.193234244008311, 0.16966664437475087, 0.14330950041300058, 0.17595655280658473, 0.17595655280658473, 0.19091997043355358, 0.16679659389737617, 0.15657140613061138, 0.14175447078653267, 0.14175447078653267, 0.15111303272005364, 0.1421568693097072, 0.13320160240533588, 0.11521434465457897, 0.11524550561736974, 0.12266536784810708, 0.09880525126218281, 0.1316831047754007, 0.09324204884898007, 0.10048920028012223, 0.07304627481013837, 0.062419199542075754, 0.09467769889219488, 0.06144201699350607, 0.06851205509625746, 0.05444063730274429, 0.09305719086523302, 0.06938480326482761, 0.05803967159103088, 0.06384649307448934, 0.04145465063822806, 0.06938480326482761, 0.04280992421102803, 0.045499504420090695, 0.06522142803845017, 0.10403139545532356, 0.11383170069136368, 0.08612084069642045, 0.08779048706727308, 0.052636281416518965, 0.09092576110281829, 0.09423046320606195, 0.056222025328143285, 0.029006469358903428, 0.057429893703197746, 0.08278676198498566, 0.07121432815083713, 0.062132595151394035, 0.16199830678769306, 0.16693470871781818, 0.1959069650761118, 0.22004359787256428, 0.12416137903133545, 0.1273691738134834, 0.0833778876166207, 0.11563130625676486, 0.06661635516491249, 0.05890795384561198, 0.12154792127509509, 0.12148274859454036, 0.12831687499730537, 0.08779657864564518, 0.09749862309552909, 0.12821931458623143, 0.11563130625676486, 0.11882080908077716, 0.15816959974355677, 0.08237008100712406, 0.011205147362986834, 0.0795291777785468, 0.046597038210391906, 0.021455006025212317, 0.00150651817125598, 0.04720301826717452, 0.051961203993981034, 0.03381063339772436, 0.007110757637536283, 0.03909580924961013, 1.3877787807814457e-17, 0.0054035083262200245, 0.006883701151778096, 0.003226680941367896, 0.1009763291122038, 0.0645877490040279, 0.05204308015007282, 0.13498905112458864, 0.09861023649636941, 0.07669922326646535, 0.09379325457814137, 0.012391229979292304, 0.027639026355987126, 0.06196826106184386, 0.05474233972319492, 0.030115832745541207, 0.007162730546356369, 0.06839323849622429, 0.06094970212187338, 0.05122559426212135, 0.015668874899042798, 0.026688410800326565, 0.047809237761293866, 0.06070424881744331, 0.06839323849622429, 0.08696829708433829, 0.0846356150295145, 0.08696829708433829, 0.007162730546356369, 0.010893533200459035, 0.033164349864113915, 0.055382214919611705, 0.05474233972319492, 0.03138124633864045, 0.07913068577077974, 0.03516460650810223, 0.03877809828863697, 0.030235531078720984, 0.04774436698450786, 0.04555524515964296, 0.0140476998202861, 0.023948136914189413, 0.06927564369244449, 0.056676192545068955, 0.06676551952267043, 0.027732539175760337, 0.037291082356871424, 0.012750805264390389, 0.03606110347287306, 0.03078557077386883, 0.02868751806800106, 0.03157639022157431, 0.03514732731620421, 0.044290496448556246, 0.006853497076022216, 0.0038993106168939418, 0.11823758240944736, 0.05092870842619393, 0.06094970212187338, 0.04302393867386563, 0.05326660127745057, 0.059024058009155556, 0.06552317867852049, 0.08349655340665352, 0.0733442990909649, 0.07331313676852096, 0.011731457811417816, 0.053094948349780124, 0.012961795897137522, 0.003114807181234469, 0.003784528418613889, 0.03641265277229888, 0.029070734344690125, 0.0036643253375696766, 0.0362847689323228, 0.03381063339772436, 0.0495910183178041, 0.02841357289101669, 0.0036643253375696766, 0.05477409748473284, 0.005431944195666949, 0.02841357289101669, 0.007110757637536283, 0.03108809120690592, 