{"Accuracies": [0.755, 0.745, 0.755, 0.755, 0.745, 0.745, 0.74, 0.745, 0.745, 0.745, 0.745, 0.745, 0.74, 0.74, 0.74, 0.74, 0.74, 0.74, 0.74, 0.74, 0.74, 0.74, 0.74, 0.74, 0.735, 0.735, 0.735, 0.735, 0.73, 0.73, 0.725, 0.73, 0.735, 0.735, 0.73, 0.73, 0.735, 0.73, 0.73, 0.73, 0.725, 0.725, 0.715, 0.715, 0.705, 0.705, 0.705, 0.69, 0.695, 0.69, 0.68, 0.68, 0.67, 0.675, 0.685, 0.68, 0.665, 0.64, 0.63, 0.61, 0.635, 0.635, 0.6, 0.585, 0.615, 0.61, 0.585, 0.61, 0.62, 0.605, 0.585, 0.59, 0.575, 0.605, 0.58, 0.58, 0.615, 0.59, 0.57, 0.56, 0.6, 0.59, 0.575, 0.62, 0.595, 0.585, 0.58, 0.58, 0.57, 0.57, 0.625, 0.605, 0.58, 0.56, 0.6, 0.605, 0.585, 0.565, 0.565, 0.585, 0.63, 0.61, 0.58, 0.565, 0.555, 0.57, 0.57, 0.625, 0.61, 0.59, 0.58, 0.55, 0.565, 0.595, 0.595, 0.6, 0.56, 0.53, 0.545, 0.54, 0.615, 0.6, 0.575, 0.535, 0.545, 0.605, 0.585, 0.565, 0.525, 0.555, 0.615, 0.585, 0.555, 0.545, 0.535, 0.565, 0.63, 0.595, 0.59, 0.575, 0.57, 0.54, 0.575, 0.6, 0.61, 0.575, 0.585, 0.575, 0.535, 0.55, 0.535, 0.61, 0.6, 0.585, 0.575, 0.525, 0.51, 0.605, 0.585, 0.58, 0.545, 0.555, 0.63, 0.635, 0.6, 0.56, 0.565, 0.555, 0.62, 0.6, 0.59, 0.59, 0.58, 0.545, 0.54, 0.54, 0.525, 0.575, 0.64, 0.605, 0.595, 0.575, 0.57, 0.56, 0.545, 0.565, 0.6, 0.58, 0.585, 0.57, 0.56], "Average_Parities": [0.10773703803087473, 0.1343242005575689, 0.15887931529385776, 0.15887931529385776, 0.14371355650369635, 0.14371355650369635, 0.1522788438535652, 0.15995452158819537, 0.15995452158819537, 0.15995452158819537, 0.15995452158819537, 0.15995452158819537, 0.17763645040812553, 0.17763645040812553, 0.17763645040812553, 0.17763645040812553, 0.17763645040812553, 0.17763645040812553, 0.17763645040812553, 0.17763645040812553, 0.17763645040812553, 0.17763645040812553, 0.17763645040812553, 0.17763645040812553, 0.18641719129773654, 0.18641719129773654, 0.18641719129773654, 0.18641719129773654, 0.17866608259767794, 0.17866608259767794, 0.18731111157854224, 0.19517996420426637, 0.20311869493434442, 0.20311869493434442, 0.21196772529142946, 0.21196772529142946, 0.22010976605290572, 0.2376903615859277, 0.2376903615859277, 0.2376903615859277, 0.2295979534645854, 0.24664664172381834, 0.281350010327202, 0.281350010327202, 0.29902684072928054, 0.3074103591416455, 0.3074103591416455, 0.3163797171758157, 0.32478800917514916, 0.34182623968085935, 0.36713236328703924, 0.41751608399540924, 0.45033551222710905, 0.45936511121787144, 0.44328504493074133, 0.417434910361294, 0.412871067131271, 0.43636701073892376, 0.4312025539517405, 0.4799220547847317, 0.6041782149290573, 0.5858612436471615, 0.7281881712201776, 0.7008033480037821, 0.6897670665223962, 0.5955887171490313, 0.8173614812328137, 0.843420010092625, 0.8063185631010661, 0.9092113538410936, 0.981459279905311, 0.90005361866293, 0.9290559513644041, 0.8338570480923218, 0.9724085063639127, 0.9580098963970929, 0.8074653245685119, 0.9318907345228151, 0.9595373678960593, 0.9329829948039678, 0.8588249380749562, 0.8935725283775557, 0.8819355088469343, 0.8079698225090983, 0.8260624867684345, 0.9398097552558167, 0.9035503743207274, 1.0, 0.9611468040449945, 0.9869424933278451, 0.791675239951102, 0.8254026620599673, 0.8937336241995223, 0.8820588173841746, 0.7530173227023556, 0.7720448419718396, 0.8653737002029358, 0.9532975990514772, 0.9532975990514772, 0.9541153717817891, 0.7189431790479944, 0.7901799264505266, 0.8084414798565123, 0.9390599558562795, 0.8768668185653378, 0.9734441337889613, 0.9223320632322625, 0.7658215967253512, 0.8390421994873587, 0.8827627640113104, 0.9081862821886999, 0.9490300241901057, 0.9671622904144259, 0.8057948665776711, 0.9044688241676562, 0.911821555640443, 0.909233490634905, 0.899178813929955, 0.9167324338609705, 0.8577427086222105, 0.8403391223883314, 0.8970959881035001, 0.9798587836316186, 0.9318198551969566, 0.8894087594811122, 0.7856527919447203, 0.9004721824242906, 0.9532975990514772, 0.9071173254835997, 0.8502090952789405, 0.8244275384852249, 0.9680109169826814, 0.9153204189937281, 0.8510352864488016, 0.9040898155573376, 0.9022826769143415, 0.7272854936676407, 0.8162325413695146, 0.9219717981767951, 0.9544486312859088, 0.9869424933278451, 0.7795525001897259, 0.9515653937737014, 0.7393966031809535, 0.7801066620960506, 0.8783227504485301, 0.9291654921676666, 0.9290559513644041, 0.8639677508909449, 0.9227557800156319, 0.8873173886817151, 0.7694325211412876, 0.8970959881035001, 0.8792458130389074, 0.9154785520151063, 0.920780879401569, 0.8489970755733508, 0.7085825242187394, 0.8156801814415507, 0.8441588417568635, 0.9167324338609705, 0.9411686744136512, 0.7101240698805019, 0.7353831414286898, 0.7888066118885284, 0.9075109982824239, 0.9532975990514772, 0.9288748665701443, 0.7574513739741512, 0.8520927131647386, 0.8972651085448343, 0.9219717981767951, 0.9222561391412539, 0.8619087008855353, 0.8285610032638828, 0.8577427086222105, 0.7998339492300668, 0.9933971500054389, 0.6951969622471283, 0.821273928073028, 0.907576066822664, 0.9036806792176775, 0.9478750006059486, 0.9471772000435114, 0.9294602698650675, 0.9671622904144259, 0.8576889201428235, 0.9473323784770467, 0.9398097552558167, 0.9595373678960593, 0.9482766445956003]}